,id,sku,merchantCode,status,name,images,brand,itemCount,defaultSku,itemSku,tags,formattedId,url,attributes,productFeatures,promoEndTime,allCategories,merchantVoucherCount,expandedProducts,location,numLocations,size,level0Id,uniqueSellingPoint,isCheap,merchantName,categoryIdHierarchy,cartLogisticOptions,merchantVoucherMessage,preorder,official,price.priceDisplay,price.strikeThroughPriceDisplay,price.discount,price.minPrice,price.offerPriceDisplay,rootCategory.id,rootCategory.name,review.rating,review.count,review.absoluteRating,storeClosingInfo.storeClosed,storeClosingInfo.endDate,storeClosingInfo.delayShipping,badge.merchantBadge,badge.merchantBadgeUrl,soldRangeCount.en,soldRangeCount.id,promoBadgeUrl,campaignInfo.name,campaignInfo.code
0,BRO-35372-00695,BRO-35372-00695,BRO-35372,AVAILABLE,BRODO - Vantage V.2 LO Olive OW,"['https://www.static-src.com/wcsstore/Indraprastha/images/catalog/medium//81/MTA-11110841/brodo_brodo_-_vantage_v-2_lo_olive_ow_full02_lyiinetj.jpg', 'https://www.static-src.com/wcsstore/Indraprastha/images/catalog/medium//81/MTA-11110841/brodo_brodo_-_vantage_v-2_lo_olive_ow_full01_t2ze3oat.jpg', 'https://www.static-src.com/wcsstore/Indraprastha/images/catalog/medium//81/MTA-11110841/brodo_brodo_-_vantage_v-2_lo_olive_ow_full03_b6bvua6q.jpg', 'https://www.static-src.com/wcsstore/Indraprastha/images/catalog/medium//81/MTA-11110841/brodo_brodo_-_vantage_v-2_lo_olive_ow_full04_mmtat9a8.jpg']",Brodo,1,BRO-35372-00695-00002,BRO-35372-00695-00002,"['REGULAR', 'MERCHANT_VOUCHER']",ps--BRO-35372-00695,/p/brodo-vantage-v-2-lo-olive-ow/ps--BRO-35372-00695?ds=BRO-35372-00695-00002&source=MERCHANT_PAGE&sid=7627c0750fdec5a9&metaData=BHXDH2RDsUKABMyhMksP7Nu/8PtEv2BOiA98PWJs2lWvCqH8eQGLmGsm6V/eqGDb&cnc=false&pickupPointCode=PP-3033620&pid=BRO-35372-00695,[{'count': 0}],,0,"['SN-1000001', 'FA-1000083', 'SE-1000008', '54817', 'SN-1000042', 'SE-1000350']",4,[],Kota Bandung,0,['37'],MTA-11110841,"• Cart Size 
<br>• 36 : 23,2 
<br>• 37 : 23,8 
<br>• 38 : 24 
<br>• 39 : 25 
<br>• 40 : 25,5 
<br>• 41 : 26 
<br>• 42 : 27 
<br>• 43 : 27,5 
<br>• 44 : 28 
<br>• 45 : 29",True,brodo official store,"['54817', 'SE-1000008', 'SN-1000001']",[],Diskon 11rb,False,True,Rp376.000,Rp425.000,11,376000.0,Rp376.000,FA-1000083,Fashion Remaja,5,6,5.0,False,0,False,Silver,https://www.static-src.com//siva/asset//07_2020/icon-top-rated-silver.png,12,12,,,
1,BRO-35372-00999,BRO-35372-00999,BRO-35372,AVAILABLE,BRODO - Dompet Topport Wallet Brown,"['https://www.static-src.com/wcsstore/Indraprastha/images/catalog/medium//101/MTA-31582568/brodo_brodo_-_dompet_topport_wallet_brown_full01_czw7o8x5.jpg', 'https://www.static-src.com/wcsstore/Indraprastha/images/catalog/medium//101/MTA-31582568/brodo_brodo_-_dompet_topport_wallet_brown_full02_e9iwyz4s.jpg', 'https://www.static-src.com/wcsstore/Indraprastha/images/catalog/medium//101/MTA-31582568/brodo_brodo_-_dompet_topport_wallet_brown_full03_qinn3hhy.jpg', 'https://www.static-src.com/wcsstore/Indraprastha/images/catalog/medium//101/MTA-31582568/brodo_brodo_-_dompet_topport_wallet_brown_full04_kiupdkoj.jpg', 'https://www.static-src.com/wcsstore/Indraprastha/images/catalog/medium//101/MTA-31582568/brodo_brodo_-_dompet_topport_wallet_brown_full05_s5sgk6qi.jpg']",Brodo,1,BRO-35372-00999-00001,BRO-35372-00999-00001,"['REGULAR', 'EXCLUSIVE_CAMPAIGN', 'MERCHANT_VOUCHER']",ps--BRO-35372-00999,/p/brodo-dompet-topport-wallet-brown/ps--BRO-35372-00999?ds=BRO-35372-00999-00001&source=MERCHANT_PAGE&sid=7627c0750fdec5a9&metaData=sZwZ850BToUHrZIHjkv5m0M6yoWjiy1TzLIOLnPEoc+vCqH8eQGLmGsm6V/eqGDb&cnc=false&pickupPointCode=PP-3033620&pid=BRO-35372-00999,[{'count': 0}],,1668445140000,"['DO-1000003', '54817', 'AK-1000025']",3,[],Kota Bandung,0,[],MTA-31582568,,True,brodo official store,"['54817', 'AK-1000025', 'DO-1000003']",[],Diskon maks. 11rb,False,True,Rp117.000,Rp240.000,51,117000.0,Rp118.000,54817,Fashion Pria,5,6,5.0,False,0,False,Silver,https://www.static-src.com//siva/asset//07_2020/icon-top-rated-silver.png,12,12,https://www.static-src.com/fs/asset/10_2022/badge-web-76c78a2a0e5a.png,HISTERIA 11.11,CAMP-01172
2,BRO-35372-00916,BRO-35372-00916,BRO-35372,AVAILABLE,Brodo - Topi Essential Hat Camel,"['https://www.static-src.com/wcsstore/Indraprastha/images/catalog/medium//83/MTA-23140007/br-m036969-15749_brodo-topi-essential-hat-camel_full01.jpg', 'https://www.static-src.com/wcsstore/Indraprastha/images/catalog/medium//83/MTA-23140007/br-m036969-15749_brodo-topi-essential-hat-camel_full02.jpg', 'https://www.static-src.com/wcsstore/Indraprastha/images/catalog/medium//83/MTA-23140007/br-m036969-15749_brodo-topi-essential-hat-camel_full03.jpg', 'https://www.static-src.com/wcsstore/Indraprastha/images/catalog/medium//83/MTA-23140007/br-m036969-15749_brodo-topi-essential-hat-camel_full04.jpg', 'https://www.static-src.com/wcsstore/Indraprastha/images/catalog/medium//83/MTA-23140007/br-m036969-15749_brodo-topi-essential-hat-camel_full05.jpg']",Brodo,1,BRO-35372-00916-00001,BRO-35372-00916-00001,"['REGULAR', 'EXCLUSIVE_CAMPAIGN', 'MERCHANT_VOUCHER']",ps--BRO-35372-00916,/p/brodo-topi-essential-hat-camel/ps--BRO-35372-00916?ds=BRO-35372-00916-00001&source=MERCHANT_PAGE&sid=7627c0750fdec5a9&metaData=4/lMC3d1kdpMr59pbB68rKhUK4L/TpeuZIuMf/dbaQfjaV67g/i8sH24UcrR5hYE&cnc=false&pickupPointCode=PP-3033620&pid=BRO-35372-00916,[{'count': 0}],,1668445140000,"['TO-1000003', '54817', 'AK-1000025']",3,[],Kota Bandung,0,[],MTA-23140007,,True,brodo official store,"['54817', 'AK-1000025', 'TO-1000003']",[],Diskon maks. 11rb,False,True,Rp84.500,Rp180.000,53,84500.0,Rp85.500,54817,Fashion Pria,5,7,5.0,False,0,False,Silver,https://www.static-src.com//siva/asset//07_2020/icon-top-rated-silver.png,12,12,https://www.static-src.com/fs/asset/10_2022/badge-web-76c78a2a0e5a.png,HISTERIA 11.11,CAMP-01172
3,BRO-35372-01344,BRO-35372-01344,BRO-35372,AVAILABLE,BRODO - Sandal Broslide Neo Navy,"['https://www.static-src.com/wcsstore/Indraprastha/images/catalog/medium//115/MTA-48992695/br-m036969-15749_brodo-sandal-broslide-neo-navy_full01.jpg', 'https://www.static-src.com/wcsstore/Indraprastha/images/catalog/medium//115/MTA-48992695/br-m036969-15749_brodo-sandal-broslide-neo-navy_full02.jpg', 'https://www.static-src.com/wcsstore/Indraprastha/images/catalog/medium//115/MTA-48992695/br-m036969-15749_brodo-sandal-broslide-neo-navy_full03.jpg', 'https://www.static-src.com/wcsstore/Indraprastha/images/catalog/medium//115/MTA-48992695/br-m036969-15749_brodo-sandal-broslide-neo-navy_full04.jpg']",Brodo,4,BRO-35372-01344-00009,BRO-35372-01344-00009,"['REGULAR', 'EXCLUSIVE_CAMPAIGN', 'MERCHANT_VOUCHER']",ps--BRO-35372-01344,/p/brodo-sandal-broslide-neo-navy/ps--BRO-35372-01344?ds=BRO-35372-01344-00009&source=MERCHANT_PAGE&sid=7627c0750fdec5a9&metaData=sZwZ850BToUHrZIHjkv5m7yv9iOnQO79ffqCDkI0jgevCqH8eQGLmGsm6V/eqGDb&cnc=false&pickupPointCode=PP-3033620&pid=BRO-35372-01344,[{'count': 0}],,1668445140000,"['SE-1000008', '54817', 'SA-1000002']",3,[],Kota Bandung,0,"['40', '42', '43', '44']",MTA-48992695,,True,brodo official store,"['54817', 'SE-1000008', 'SA-1000002']",[],Diskon maks. 11rb,False,True,Rp113.220,Rp199.000,43,113220.0,Rp114.220,54817,Fashion Pria,5,2,5.0,False,0,False,Silver,https://www.static-src.com//siva/asset//07_2020/icon-top-rated-silver.png,11,11,https://www.static-src.com/fs/asset/10_2022/badge-web-76c78a2a0e5a.png,HISTERIA 11.11,CAMP-01172
4,BRO-35372-01070,BRO-35372-01070,BRO-35372,AVAILABLE,BRODO - Kaos Slip Pocket Tees Navy,"['https://www.static-src.com/wcsstore/Indraprastha/images/catalog/medium//92/MTA-35210854/brodo_brodo_-_kaos_slip_pocket_tees_navy_full01_gw3l9g9j.jpg', 'https://www.static-src.com/wcsstore/Indraprastha/images/catalog/medium//92/MTA-35210854/brodo_brodo_-_kaos_slip_pocket_tees_navy_full02_msnx53o7.jpg', 'https://www.static-src.com/wcsstore/Indraprastha/images/catalog/medium//92/MTA-35210854/brodo_brodo_-_kaos_slip_pocket_tees_navy_full03_f6z84gus.jpg', 'https://www.static-src.com/wcsstore/Indraprastha/images/catalog/medium//92/MTA-35210854/brodo_brodo_-_kaos_slip_pocket_tees_navy_full04_f9vjkmp7.jpg', 'https://www.static-src.com/wcsstore/Indraprastha/images/catalog/medium//92/MTA-35210854/brodo_brodo_-_kaos_slip_pocket_tees_navy_full05_llrdp6ky.jpg', 'https://www.static-src.com/wcsstore/Indraprastha/images/catalog/medium//92/MTA-35210854/brodo_brodo_-_kaos_slip_pocket_tees_navy_full06_t5tzkab.jpg']",Brodo,1,BRO-35372-01070-00001,BRO-35372-01070-00001,"['REGULAR', 'EXCLUSIVE_CAMPAIGN', 'MERCHANT_VOUCHER']",ps--BRO-35372-01070,/p/brodo-kaos-slip-pocket-tees-navy/ps--BRO-35372-01070?ds=BRO-35372-01070-00001&source=MERCHANT_PAGE&sid=7627c0750fdec5a9&metaData=g9wK2XPNxvXr3aIMhNfCP6mITy8tqrWWbUZVOjkLRIXjaV67g/i8sH24UcrR5hYE&cnc=false&pickupPointCode=PP-3033620&pid=BRO-35372-01070,[{'count': 0}],,1668445140000,"['BA-1000008', 'T--1000001', '54817']",3,[],Kota Bandung,0,['S'],MTA-35210854,,True,brodo official store,"['54817', 'BA-1000008', 'T--1000001']",[],Diskon maks. 11rb,False,True,Rp65.000,Rp185.000,64,65000.0,Rp66.000,54817,Fashion Pria,4,8,4.8,False,0,False,Silver,https://www.static-src.com//siva/asset//07_2020/icon-top-rated-silver.png,11,11,https://www.static-src.com/fs/asset/10_2022/badge-web-76c78a2a0e5a.png,HISTERIA 11.11,CAMP-01172
5,BRO-35372-01301,BRO-35372-01301,BRO-35372,AVAILABLE,BRODO - Sneakers Active VTG Court Hi Natural Navy GS,"['https://www.static-src.com/wcsstore/Indraprastha/images/catalog/medium//100/MTA-47520792/brodo_brodo_-_sneakers_active_vtg_court_hi_natural_navy_gs_full02_d6nc4708.jpg', 'https://www.static-src.com/wcsstore/Indraprastha/images/catalog/medium//100/MTA-47520792/brodo_brodo_-_sneakers_active_vtg_court_hi_natural_navy_gs_full01_fhwyfcok.jpg', 'https://www.static-src.com/wcsstore/Indraprastha/images/catalog/medium//100/MTA-47520792/brodo_brodo_-_sneakers_active_vtg_court_hi_natural_navy_gs_full03_sa1omphj.jpg', 'https://www.static-src.com/wcsstore/Indraprastha/images/catalog/medium//100/MTA-47520792/brodo_brodo_-_sneakers_active_vtg_court_hi_natural_navy_gs_full04_bwvw04dv.jpg']",Brodo,6,BRO-35372-01301-00005,BRO-35372-01301-00005,"['REGULAR', 'MERCHANT_VOUCHER']",ps--BRO-35372-01301,/p/brodo-sneakers-active-vtg-court-hi-natural-navy-gs/ps--BRO-35372-01301?ds=BRO-35372-01301-00005&source=MERCHANT_PAGE&sid=7627c0750fdec5a9&metaData=PgAVOd8e91tOSfwxUgMCGo6k9faeALP/mDvPrCfmNWSvCqH8eQGLmGsm6V/eqGDb&cnc=false&pickupPointCode=PP-3033620&pid=BRO-35372-01301,[{'count': 0}],,0,"['SN-1000001', 'SE-1000008', '54817']",3,[],Kota Bandung,0,"['39', '40', '41', '42', '43', '44']",MTA-47520792,,True,brodo official store,"['54817', 'SE-1000008', 'SN-1000001']",[],Diskon 11rb,False,True,Rp445.500,Rp495.000,10,445500.0,Rp445.500,54817,Fashion Pria,4,8,4.8,False,0,False,Silver,https://www.static-src.com//siva/asset//07_2020/icon-top-rated-silver.png,11,11,,,
6,BRO-35372-01085,BRO-35372-01085,BRO-35372,AVAILABLE,BRODO - Topi Wovla Hat Olive,"['https://www.static-src.com/wcsstore/Indraprastha/images/catalog/medium//98/MTA-35728018/brodo_brodo_-_topi_wovla_hat_olive_full01_smxm57g5.jpg', 'https://www.static-src.com/wcsstore/Indraprastha/images/catalog/medium//98/MTA-35728018/brodo_brodo_-_topi_wovla_hat_olive_full02_b94zolt2.jpg', 'https://www.static-src.com/wcsstore/Indraprastha/images/catalog/medium//98/MTA-35728018/brodo_brodo_-_topi_wovla_hat_olive_full03_koo88p6a.jpg', 'https://www.static-src.com/wcsstore/Indraprastha/images/catalog/medium//98/MTA-35728018/brodo_brodo_-_topi_wovla_hat_olive_full04_dpvi5c5w.jpg']",Brodo,1,BRO-35372-01085-00001,BRO-35372-01085-00001,"['REGULAR', 'EXCLUSIVE_CAMPAIGN', 'MERCHANT_VOUCHER']",ps--BRO-35372-01085,/p/brodo-topi-wovla-hat-olive/ps--BRO-35372-01085?ds=BRO-35372-01085-00001&source=MERCHANT_PAGE&sid=7627c0750fdec5a9&metaData=4/lMC3d1kdpMr59pbB68rKhUK4L/TpeuZIuMf/dbaQfjaV67g/i8sH24UcrR5hYE&cnc=false&pickupPointCode=PP-3033620&pid=BRO-35372-01085,[{'count': 0}],,1668445140000,"['TO-1000003', '54817', 'AK-1000025']",4,[],Kota Bandung,0,[],MTA-35728018,,True,brodo official store,"['54817', 'AK-1000025', 'TO-1000003']",[],Diskon maks. 11rb,False,True,Rp84.500,Rp180.000,53,84500.0,Rp85.500,54817,Fashion Pria,4,4,4.5,False,0,False,Silver,https://www.static-src.com//siva/asset//07_2020/icon-top-rated-silver.png,11,11,https://www.static-src.com/fs/asset/10_2022/badge-web-76c78a2a0e5a.png,HISTERIA 11.11,CAMP-01172
7,BRO-35372-00732,BRO-35372-00732,BRO-35372,AVAILABLE,BRODO - Doppio Black,"['https://www.static-src.com/wcsstore/Indraprastha/images/catalog/medium//88/MTA-11847200/brodo_brodo_-_doppio_black_full01_kwtazhgx.jpg', 'https://www.static-src.com/wcsstore/Indraprastha/images/catalog/medium//88/MTA-11847200/brodo_brodo_-_doppio_black_full02_o8g9osir.jpg', 'https://www.static-src.com/wcsstore/Indraprastha/images/catalog/medium//88/MTA-11847200/brodo_brodo_-_doppio_black_full03_uoj3ekxc.jpg', 'https://www.static-src.com/wcsstore/Indraprastha/images/catalog/medium//88/MTA-11847200/brodo_brodo_-_doppio_black_full04_migmnwgw.jpg']",Brodo,1,BRO-35372-00732-00001,BRO-35372-00732-00001,"['REGULAR', 'EXCLUSIVE_CAMPAIGN', 'MERCHANT_VOUCHER']",ps--BRO-35372-00732,/p/brodo-doppio-black/ps--BRO-35372-00732?ds=BRO-35372-00732-00001&source=MERCHANT_PAGE&sid=7627c0750fdec5a9&metaData=8e/NO8ASbV8i4TxNtjyFsqmITy8tqrWWbUZVOjkLRIXjaV67g/i8sH24UcrR5hYE&cnc=false&pickupPointCode=PP-3033620&pid=BRO-35372-00732,[{'count': 0}],,1668445140000,"['TA-1000186', 'FA-1000083', 'DO-1000003', '54817', 'TA-1000185', 'AK-1000025']",4,[],Kota Bandung,0,[],MTA-11847200,"• Product specification
<br>•Faux leather
<br>•High-quality snap hook
<br>•Keychain
<br>•Snap button closure
<br>•Brodo debossed logo",True,brodo official store,"['54817', 'AK-1000025', 'DO-1000003']",[],Diskon maks. 11rb,False,True,Rp87.000,Rp99.000,12,87000.0,Rp88.000,FA-1000083,Fashion Remaja,5,3,5.0,False,0,False,Silver,https://www.static-src.com//siva/asset//07_2020/icon-top-rated-silver.png,11,11,https://www.static-src.com/fs/asset/10_2022/badge-web-76c78a2a0e5a.png,HISTERIA 11.11,CAMP-01172
8,BRO-35372-01313,BRO-35372-01313,BRO-35372,AVAILABLE,BRODO - Sandals Broslides Signature Black White,"['https://www.static-src.com/wcsstore/Indraprastha/images/catalog/medium//108/MTA-47565945/brodo_brodo_-_sandals_broslides_signature_black_white_full02_uvkgdq0j.jpg', 'https://www.static-src.com/wcsstore/Indraprastha/images/catalog/medium//108/MTA-47565945/brodo_brodo_-_sandals_broslides_signature_black_white_full01_lsflgl7t.jpg', 'https://www.static-src.com/wcsstore/Indraprastha/images/catalog/medium//108/MTA-47565945/brodo_brodo_-_sandals_broslides_signature_black_white_full03_ejp6bthx.jpg', 'https://www.static-src.com/wcsstore/Indraprastha/images/catalog/medium//108/MTA-47565945/brodo_brodo_-_sandals_broslides_signature_black_white_full04_dto4rd9m.jpg']",Brodo,2,BRO-35372-01313-00004,BRO-35372-01313-00004,"['REGULAR', 'EXCLUSIVE_CAMPAIGN', 'MERCHANT_VOUCHER']",ps--BRO-35372-01313,/p/brodo-sandals-broslides-signature-black-white/ps--BRO-35372-01313?ds=BRO-35372-01313-00004&source=MERCHANT_PAGE&sid=7627c0750fdec5a9&metaData=eWIGizKxTJ/mTyQZ+mDT0f3JJpp7Vw5PHglN989yq+6vCqH8eQGLmGsm6V/eqGDb&cnc=false&pickupPointCode=PP-3033620&pid=BRO-35372-01313,[{'count': 0}],,1668445140000,"['SE-1000008', '54817', 'SA-1000002']",4,[],Kota Bandung,0,"['39', '40']",MTA-47565945,,True,brodo official store,"['54817', 'SE-1000008', 'SA-1000002']",[],Diskon maks. 11rb,False,True,Rp105.000,Rp120.000,12,105000.0,Rp106.000,54817,Fashion Pria,5,6,5.0,False,0,False,Silver,https://www.static-src.com//siva/asset//07_2020/icon-top-rated-silver.png,11,11,https://www.static-src.com/fs/asset/10_2022/badge-web-76c78a2a0e5a.png,HISTERIA 11.11,CAMP-01172
9,BRO-35372-01364,BRO-35372-01364,BRO-35372,AVAILABLE,BRODO - Sepatu Thompson Eco Full Black,"['https://www.static-src.com/wcsstore/Indraprastha/images/catalog/medium//114/MTA-48993468/br-m036969-15749_brodo-sepatu-thompson-eco-full-black_full01.jpg', 'https://www.static-src.com/wcsstore/Indraprastha/images/catalog/medium//114/MTA-48993468/br-m036969-15749_brodo-sepatu-thompson-eco-full-black_full02.jpg', 'https://www.static-src.com/wcsstore/Indraprastha/images/catalog/medium//114/MTA-48993468/br-m036969-15749_brodo-sepatu-thompson-eco-full-black_full03.jpg', 'https://www.static-src.com/wcsstore/Indraprastha/images/catalog/medium//114/MTA-48993468/br-m036969-15749_brodo-sepatu-thompson-eco-full-black_full04.jpg']",Brodo,3,BRO-35372-01364-00007,BRO-35372-01364-00007,"['REGULAR', 'EXCLUSIVE_CAMPAIGN', 'MERCHANT_VOUCHER']",ps--BRO-35372-01364,/p/brodo-sepatu-thompson-eco-full-black/ps--BRO-35372-01364?ds=BRO-35372-01364-00007&source=MERCHANT_PAGE&sid=7627c0750fdec5a9&metaData=HUUTdTjFB7IP81s5aZZO4EM6yoWjiy1TzLIOLnPEoc+vCqH8eQGLmGsm6V/eqGDb&cnc=false&pickupPointCode=PP-3033620&pid=BRO-35372-01364,"[{'optionListingType': 'COLOR_PALETE', 'values': ['MULTICOLOR'], 'count': 1}]",,1668445140000,"['SE-1000008', '54817', 'SE-1000011']",3,[],Kota Bandung,0,"['40', '41', '42']",MTA-48993468,,True,brodo official store,"['54817', 'SE-1000008', 'SE-1000011']",[],Diskon 11rb,False,True,Rp337.000,Rp399.000,15,337000.0,Rp338.000,54817,Fashion Pria,4,5,4.8,False,0,False,Silver,https://www.static-src.com//siva/asset//07_2020/icon-top-rated-silver.png,9,9,https://www.static-src.com/fs/asset/10_2022/badge-web-76c78a2a0e5a.png,HISTERIA 11.11,CAMP-01172
10,BRO-35372-01248,BRO-35372-01248,BRO-35372,AVAILABLE,BRODO - Kemeja Broshirt Pique Longsleeve Black,"['https://www.static-src.com/wcsstore/Indraprastha/images/catalog/medium//95/MTA-43903740/brodo_brodo_-_kemeja_broshirt_pique_longsleeve_black_full01_hjd2acz6.jpg', 'https://www.static-src.com/wcsstore/Indraprastha/images/catalog/medium//95/MTA-43903740/brodo_brodo_-_kemeja_broshirt_pique_longsleeve_black_full02_lkbkv9wf.jpg', 'https://www.static-src.com/wcsstore/Indraprastha/images/catalog/medium//95/MTA-43903740/brodo_brodo_-_kemeja_broshirt_pique_longsleeve_black_full03_mpay6u5q.jpg', 'https://www.static-src.com/wcsstore/Indraprastha/images/catalog/medium//95/MTA-43903740/brodo_brodo_-_kemeja_broshirt_pique_longsleeve_black_full04_dede9v94.jpg', 'https://www.static-src.com/wcsstore/Indraprastha/images/catalog/medium//95/MTA-43903740/brodo_brodo_-_kemeja_broshirt_pique_longsleeve_black_full05_j9msd0ei.jpg', 'https://www.static-src.com/wcsstore/Indraprastha/images/catalog/medium//95/MTA-43903740/brodo_brodo_-_kemeja_broshirt_pique_longsleeve_black_full06_rnv1evvy.jpg']",Brodo,5,BRO-35372-01248-00003,BRO-35372-01248-00003,"['REGULAR', 'EXCLUSIVE_CAMPAIGN', 'MERCHANT_VOUCHER']",ps--BRO-35372-01248,/p/brodo-kemeja-broshirt-pique-longsleeve-black/ps--BRO-35372-01248?ds=BRO-35372-01248-00003&source=MERCHANT_PAGE&sid=7627c0750fdec5a9&metaData=BGFzUV9JheIuIn59zCBUcEM6yoWjiy1TzLIOLnPEoc+vCqH8eQGLmGsm6V/eqGDb&cnc=false&pickupPointCode=PP-3033620&pid=BRO-35372-01248,[{'count': 0}],,1668445140000,"['BA-1000008', 'FO-1000002', '54817']",3,[],Kota Bandung,0,"['L', 'M', 'S', 'XL', 'XXL']",MTA-43903740,,True,brodo official store,"['54817', 'BA-1000008', 'FO-1000002']",[],Diskon maks. 11rb,False,True,Rp227.000,Rp500.000,54,227000.0,Rp228.000,54817,Fashion Pria,5,1,5.0,False,0,False,Silver,https://www.static-src.com//siva/asset//07_2020/icon-top-rated-silver.png,9,9,https://www.static-src.com/fs/asset/10_2022/badge-web-76c78a2a0e5a.png,HISTERIA 11.11,CAMP-01172
11,BRO-35372-00917,BRO-35372-00917,BRO-35372,AVAILABLE,Brodo - Topi Essential Hat Khaki,"['https://www.static-src.com/wcsstore/Indraprastha/images/catalog/medium//79/MTA-23140030/br-m036969-15749_brodo-topi-essential-hat-khaki_full01.jpg', 'https://www.static-src.com/wcsstore/Indraprastha/images/catalog/medium//79/MTA-23140030/br-m036969-15749_brodo-topi-essential-hat-khaki_full02.jpg', 'https://www.static-src.com/wcsstore/Indraprastha/images/catalog/medium//79/MTA-23140030/br-m036969-15749_brodo-topi-essential-hat-khaki_full03.jpg', 'https://www.static-src.com/wcsstore/Indraprastha/images/catalog/medium//79/MTA-23140030/br-m036969-15749_brodo-topi-essential-hat-khaki_full04.jpg', 'https://www.static-src.com/wcsstore/Indraprastha/images/catalog/medium//79/MTA-23140030/br-m036969-15749_brodo-topi-essential-hat-khaki_full05.jpg']",Brodo,1,BRO-35372-00917-00001,BRO-35372-00917-00001,"['REGULAR', 'EXCLUSIVE_CAMPAIGN', 'MERCHANT_VOUCHER']",ps--BRO-35372-00917,/p/brodo-topi-essential-hat-khaki/ps--BRO-35372-00917?ds=BRO-35372-00917-00001&source=MERCHANT_PAGE&sid=7627c0750fdec5a9&metaData=4/lMC3d1kdpMr59pbB68rKhUK4L/TpeuZIuMf/dbaQfjaV67g/i8sH24UcrR5hYE&cnc=false&pickupPointCode=PP-3033620&pid=BRO-35372-00917,[{'count': 0}],,1668445140000,"['TO-1000003', '54817', 'AK-1000025']",3,[],Kota Bandung,0,[],MTA-23140030,,True,brodo official store,"['54817', 'AK-1000025', 'TO-1000003']",[],Diskon maks. 11rb,False,True,Rp84.500,Rp180.000,53,84500.0,Rp85.500,54817,Fashion Pria,5,4,5.0,False,0,False,Silver,https://www.static-src.com//siva/asset//07_2020/icon-top-rated-silver.png,9,9,https://www.static-src.com/fs/asset/10_2022/badge-web-76c78a2a0e5a.png,HISTERIA 11.11,CAMP-01172
12,BRO-35372-01115,BRO-35372-01115,BRO-35372,AVAILABLE,BRODO - Kaos Circlo Tees Olive,"['https://www.static-src.com/wcsstore/Indraprastha/images/catalog/medium//99/MTA-36521676/brodo_brodo_-_kaos_circlo_tees_olive_full01_rcy7jjxe.jpg', 'https://www.static-src.com/wcsstore/Indraprastha/images/catalog/medium//99/MTA-36521676/brodo_brodo_-_kaos_circlo_tees_olive_full02_rjy7f7oo.jpg', 'https://www.static-src.com/wcsstore/Indraprastha/images/catalog/medium//99/MTA-36521676/brodo_brodo_-_kaos_circlo_tees_olive_full03_npnzm59x.jpg', 'https://www.static-src.com/wcsstore/Indraprastha/images/catalog/medium//99/MTA-36521676/brodo_brodo_-_kaos_circlo_tees_olive_full04_j9klyfrj.jpg', 'https://www.static-src.com/wcsstore/Indraprastha/images/catalog/medium//99/MTA-36521676/brodo_brodo_-_kaos_circlo_tees_olive_full05_d41dlboi.jpg', 'https://www.static-src.com/wcsstore/Indraprastha/images/catalog/medium//99/MTA-36521676/brodo_brodo_-_kaos_circlo_tees_olive_full06_ebbx1rjl.jpg', 'https://www.static-src.com/wcsstore/Indraprastha/images/catalog/medium//99/MTA-36521676/brodo_brodo_-_kaos_circlo_tees_olive_full07_besrbvn1.jpg']",Brodo,1,BRO-35372-01115-00001,BRO-35372-01115-00001,"['REGULAR', 'EXCLUSIVE_CAMPAIGN', 'MERCHANT_VOUCHER']",ps--BRO-35372-01115,/p/brodo-kaos-circlo-tees-olive/ps--BRO-35372-01115?ds=BRO-35372-01115-00001&source=MERCHANT_PAGE&sid=7627c0750fdec5a9&metaData=R2QGO8lRiqME4qkcZGpL5t+8OwUfhHe7jYo95+hwlprjaV67g/i8sH24UcrR5hYE&cnc=false&pickupPointCode=PP-3033620&pid=BRO-35372-01115,[{'count': 0}],,1668445140000,"['BA-1000008', 'T--1000001', '54817']",3,[],Kota Bandung,0,['S'],MTA-36521676,,True,brodo official store,"['54817', 'BA-1000008', 'T--1000001']",[],Diskon maks. 11rb,False,True,Rp71.375,Rp185.000,61,71375.0,Rp72.375,54817,Fashion Pria,5,4,5.0,False,0,False,Silver,https://www.static-src.com//siva/asset//07_2020/icon-top-rated-silver.png,9,9,https://www.static-src.com/fs/asset/10_2022/badge-web-76c78a2a0e5a.png,HISTERIA 11.11,CAMP-01172
13,BRO-35372-01431,BRO-35372-01431,BRO-35372,AVAILABLE,BRODO - Sandals Prama Slider Full Black,"['https://www.static-src.com/wcsstore/Indraprastha/images/catalog/medium//88/MTA-51571141/brodo_brodo_-_sandals_prama_slider_full_black_full01_eesta23p.jpg', 'https://www.static-src.com/wcsstore/Indraprastha/images/catalog/medium//88/MTA-51571141/brodo_brodo_-_sandals_prama_slider_full_black_full02_gzh6zuhf.jpg', 'https://www.static-src.com/wcsstore/Indraprastha/images/catalog/medium//88/MTA-51571141/brodo_brodo_-_sandals_prama_slider_full_black_full03_kooubl7h.jpg', 'https://www.static-src.com/wcsstore/Indraprastha/images/catalog/medium//88/MTA-51571141/brodo_brodo_-_sandals_prama_slider_full_black_full04_s4dqul6d.jpg']",Brodo,2,BRO-35372-01431-00003,BRO-35372-01431-00003,"['REGULAR', 'EXCLUSIVE_CAMPAIGN', 'MERCHANT_VOUCHER']",ps--BRO-35372-01431,/p/brodo-sandals-prama-slider-full-black/ps--BRO-35372-01431?ds=BRO-35372-01431-00003&source=MERCHANT_PAGE&sid=7627c0750fdec5a9&metaData=wpuwn+83VwuuoIwIPnHiMWD96nmYH6nXQfQUV891MtCvCqH8eQGLmGsm6V/eqGDb&cnc=false&pickupPointCode=PP-3033620&pid=BRO-35372-01431,[{'count': 0}],,1668445140000,"['SE-1000008', '54817', 'SA-1000002']",3,[],Kota Bandung,0,"['41', '42']",MTA-51571141,"• Spesifikasi Produk 
<br>•Injecting Phylon Sandals 
<br>•Brodo Printing Logotype 
<br>•Size Chart",True,brodo official store,"['54817', 'SE-1000008', 'SA-1000002']",[],Diskon maks. 11rb,False,True,Rp145.750,Rp175.000,16,145750.0,Rp146.750,54817,Fashion Pria,5,3,5.0,False,0,False,Silver,https://www.static-src.com//siva/asset//07_2020/icon-top-rated-silver.png,9,9,https://www.static-src.com/fs/asset/10_2022/badge-web-76c78a2a0e5a.png,HISTERIA 11.11,CAMP-01172
14,BRO-35372-01159,BRO-35372-01159,BRO-35372,AVAILABLE,BRODO - Jacket Baseva Varsity Jacket Camel,"['https://www.static-src.com/wcsstore/Indraprastha/images/catalog/medium//105/MTA-37975604/brodo_brodo_-_jacket_baseva_varsity_jacket_camel_full01_p543qkbb.jpg', 'https://www.static-src.com/wcsstore/Indraprastha/images/catalog/medium//105/MTA-37975604/brodo_brodo_-_jacket_baseva_varsity_jacket_camel_full02_kuu05uv4.jpg', 'https://www.static-src.com/wcsstore/Indraprastha/images/catalog/medium//105/MTA-37975604/brodo_brodo_-_jacket_baseva_varsity_jacket_camel_full03_e9xg12d3.jpg', 'https://www.static-src.com/wcsstore/Indraprastha/images/catalog/medium//105/MTA-37975604/brodo_brodo_-_jacket_baseva_varsity_jacket_camel_full04_k2e0iwim.jpg', 'https://www.static-src.com/wcsstore/Indraprastha/images/catalog/medium//105/MTA-37975604/brodo_brodo_-_jacket_baseva_varsity_jacket_camel_full05_mg8skfc3.jpg', 'https://www.static-src.com/wcsstore/Indraprastha/images/catalog/medium//105/MTA-37975604/brodo_brodo_-_jacket_baseva_varsity_jacket_camel_full06_l7cd8gw7.jpg']",Brodo,3,BRO-35372-01159-00004,BRO-35372-01159-00004,"['REGULAR', 'EXCLUSIVE_CAMPAIGN', 'MERCHANT_VOUCHER']",ps--BRO-35372-01159,/p/brodo-jacket-baseva-varsity-jacket-camel/ps--BRO-35372-01159?ds=BRO-35372-01159-00004&source=MERCHANT_PAGE&sid=7627c0750fdec5a9&metaData=G84vKKFaRUdERl2ktfkZj5dPk+0tPcddkMYXceeA+RevCqH8eQGLmGsm6V/eqGDb&cnc=false&pickupPointCode=PP-3033620&pid=BRO-35372-01159,[{'count': 0}],,1668445140000,"['BA-1000008', 'JA-1000005', '54817']",3,[],Kota Bandung,0,"['L', 'M', 'XL']",MTA-37975604,,True,brodo official store,"['54817', 'BA-1000008', 'JA-1000005']",[],Diskon 11rb,False,True,Rp322.000,Rp600.000,46,322000.0,Rp323.000,54817,Fashion Pria,5,6,5.0,False,0,False,Silver,https://www.static-src.com//siva/asset//07_2020/icon-top-rated-silver.png,9,9,https://www.static-src.com/fs/asset/10_2022/badge-web-76c78a2a0e5a.png,HISTERIA 11.11,CAMP-01172
15,BRO-35372-00977,BRO-35372-00977,BRO-35372,AVAILABLE,BRODO - Topi Estlo Hat Navy,"['https://www.static-src.com/wcsstore/Indraprastha/images/catalog/medium//115/MTA-29729959/brodo_brodo_-_topi_estlo_hat_navy_full02_4sgyr4y.jpg', 'https://www.static-src.com/wcsstore/Indraprastha/images/catalog/medium//115/MTA-29729959/brodo_brodo_-_topi_estlo_hat_navy_full01_dyhcguvz.jpg', 'https://www.static-src.com/wcsstore/Indraprastha/images/catalog/medium//115/MTA-29729959/brodo_brodo_-_topi_estlo_hat_navy_full03_t29ap1oh.jpg', 'https://www.static-src.com/wcsstore/Indraprastha/images/catalog/medium//115/MTA-29729959/brodo_brodo_-_topi_estlo_hat_navy_full04_tfckg0xc.jpg']",Brodo,1,BRO-35372-00977-00001,BRO-35372-00977-00001,"['REGULAR', 'EXCLUSIVE_CAMPAIGN', 'MERCHANT_VOUCHER']",ps--BRO-35372-00977,/p/brodo-topi-estlo-hat-navy/ps--BRO-35372-00977?ds=BRO-35372-00977-00001&source=MERCHANT_PAGE&sid=7627c0750fdec5a9&metaData=4/lMC3d1kdpMr59pbB68rKhUK4L/TpeuZIuMf/dbaQfjaV67g/i8sH24UcrR5hYE&cnc=false&pickupPointCode=PP-3033620&pid=BRO-35372-00977,[{'count': 0}],,1668445140000,"['TO-1000003', '54817', 'AK-1000025']",3,[],Kota Bandung,0,[],MTA-29729959,,True,brodo official store,"['54817', 'AK-1000025', 'TO-1000003']",[],Diskon maks. 11rb,False,True,Rp84.500,Rp185.000,54,84500.0,Rp85.500,54817,Fashion Pria,5,5,5.0,False,0,False,Silver,https://www.static-src.com//siva/asset//07_2020/icon-top-rated-silver.png,8,8,https://www.static-src.com/fs/asset/10_2022/badge-web-76c78a2a0e5a.png,HISTERIA 11.11,CAMP-01172
16,BRO-35372-01061,BRO-35372-01061,BRO-35372,AVAILABLE,BRODO - Dompet Waga Wallet Brown,"['https://www.static-src.com/wcsstore/Indraprastha/images/catalog/medium//79/MTA-35210201/brodo_brodo_-_dompet_waga_wallet_brown_full01_prw7v8bf.jpg', 'https://www.static-src.com/wcsstore/Indraprastha/images/catalog/medium//79/MTA-35210201/brodo_brodo_-_dompet_waga_wallet_brown_full02_l4mc9tf.jpg', 'https://www.static-src.com/wcsstore/Indraprastha/images/catalog/medium//79/MTA-35210201/brodo_brodo_-_dompet_waga_wallet_brown_full03_kx4ivvby.jpg', 'https://www.static-src.com/wcsstore/Indraprastha/images/catalog/medium//79/MTA-35210201/brodo_brodo_-_dompet_waga_wallet_brown_full04_p38l6j34.jpg', 'https://www.static-src.com/wcsstore/Indraprastha/images/catalog/medium//79/MTA-35210201/brodo_brodo_-_dompet_waga_wallet_brown_full05_t9d0rfsf.jpg', 'https://www.static-src.com/wcsstore/Indraprastha/images/catalog/medium//79/MTA-35210201/brodo_brodo_-_dompet_waga_wallet_brown_full06_gft6u4rp.jpg', 'https://www.static-src.com/wcsstore/Indraprastha/images/catalog/medium//79/MTA-35210201/brodo_brodo_-_dompet_waga_wallet_brown_full07_skjyzp2v.jpg']",Brodo,1,BRO-35372-01061-00001,BRO-35372-01061-00001,"['REGULAR', 'EXCLUSIVE_CAMPAIGN', 'MERCHANT_VOUCHER']",ps--BRO-35372-01061,/p/brodo-dompet-waga-wallet-brown/ps--BRO-35372-01061?ds=BRO-35372-01061-00001&source=MERCHANT_PAGE&sid=7627c0750fdec5a9&metaData=sZwZ850BToUHrZIHjkv5m0M6yoWjiy1TzLIOLnPEoc+vCqH8eQGLmGsm6V/eqGDb&cnc=false&pickupPointCode=PP-3033620&pid=BRO-35372-01061,[{'count': 0}],,1668445140000,"['DO-1000003', '54817', 'AK-1000025']",4,[],Kota Bandung,0,[],MTA-35210201,,True,brodo official store,"['54817', 'AK-1000025', 'DO-1000003']",[],Diskon maks. 11rb,False,True,Rp117.000,Rp240.000,51,117000.0,Rp118.000,54817,Fashion Pria,5,6,5.0,False,0,False,Silver,https://www.static-src.com//siva/asset//07_2020/icon-top-rated-silver.png,8,8,https://www.static-src.com/fs/asset/10_2022/badge-web-76c78a2a0e5a.png,HISTERIA 11.11,CAMP-01172
17,BRO-35372-01108,BRO-35372-01108,BRO-35372,AVAILABLE,BRODO - Sabuk Buchrome Webbing Belt Black,"['https://www.static-src.com/wcsstore/Indraprastha/images/catalog/medium//84/MTA-36521102/brodo_brodo_-_sabuk_buchrome_webbing_belt_black_full01_fi9n1cs4.jpg', 'https://www.static-src.com/wcsstore/Indraprastha/images/catalog/medium//84/MTA-36521102/brodo_brodo_-_sabuk_buchrome_webbing_belt_black_full02_bn3dwlch.jpg', 'https://www.static-src.com/wcsstore/Indraprastha/images/catalog/medium//84/MTA-36521102/brodo_brodo_-_sabuk_buchrome_webbing_belt_black_full03_ryxnt6ft.jpg', 'https://www.static-src.com/wcsstore/Indraprastha/images/catalog/medium//84/MTA-36521102/brodo_brodo_-_sabuk_buchrome_webbing_belt_black_full04_u73yfce4.jpg']",Brodo,1,BRO-35372-01108-00001,BRO-35372-01108-00001,"['REGULAR', 'EXCLUSIVE_CAMPAIGN', 'MERCHANT_VOUCHER']",ps--BRO-35372-01108,/p/brodo-sabuk-buchrome-webbing-belt-black/ps--BRO-35372-01108?ds=BRO-35372-01108-00001&source=MERCHANT_PAGE&sid=7627c0750fdec5a9&metaData=4/lMC3d1kdpMr59pbB68rKhUK4L/TpeuZIuMf/dbaQfjaV67g/i8sH24UcrR5hYE&cnc=false&pickupPointCode=PP-3033620&pid=BRO-35372-01108,[{'count': 0}],,1668445140000,"['TA-1000016', '54817', 'AK-1000025']",4,[],Kota Bandung,0,[],MTA-36521102,,True,brodo official store,"['54817', 'AK-1000025', 'TA-1000016']",[],Diskon maks. 11rb,False,True,Rp84.500,Rp180.000,53,84500.0,Rp85.500,54817,Fashion Pria,4,5,4.0,False,0,False,Silver,https://www.static-src.com//siva/asset//07_2020/icon-top-rated-silver.png,8,8,https://www.static-src.com/fs/asset/10_2022/badge-web-76c78a2a0e5a.png,HISTERIA 11.11,CAMP-01172
18,BRO-35372-01363,BRO-35372-01363,BRO-35372,AVAILABLE,BRODO - Sepatu Thompson Eco Dark Choco,"['https://www.static-src.com/wcsstore/Indraprastha/images/catalog/medium//110/MTA-48993446/br-m036969-15749_brodo-sepatu-thompson-eco-dark-choco_full01.jpg', 'https://www.static-src.com/wcsstore/Indraprastha/images/catalog/medium//110/MTA-48993446/br-m036969-15749_brodo-sepatu-thompson-eco-dark-choco_full02.jpg', 'https://www.static-src.com/wcsstore/Indraprastha/images/catalog/medium//110/MTA-48993446/br-m036969-15749_brodo-sepatu-thompson-eco-dark-choco_full03.jpg', 'https://www.static-src.com/wcsstore/Indraprastha/images/catalog/medium//110/MTA-48993446/br-m036969-15749_brodo-sepatu-thompson-eco-dark-choco_full04.jpg']",Brodo,5,BRO-35372-01363-00001,BRO-35372-01363-00001,"['REGULAR', 'EXCLUSIVE_CAMPAIGN', 'MERCHANT_VOUCHER']",ps--BRO-35372-01363,/p/brodo-sepatu-thompson-eco-dark-choco/ps--BRO-35372-01363?ds=BRO-35372-01363-00001&source=MERCHANT_PAGE&sid=7627c0750fdec5a9&metaData=jgM2ArtSoJ8G9RlsDXAdTGD96nmYH6nXQfQUV891MtCvCqH8eQGLmGsm6V/eqGDb&cnc=false&pickupPointCode=PP-3033620&pid=BRO-35372-01363,"[{'optionListingType': 'COLOR_PALETE', 'values': ['MULTICOLOR'], 'count': 1}]",,1668445140000,"['SE-1000008', '54817', 'SE-1000011']",3,[],Kota Bandung,0,"['39', '40', '41', '42', '43']",MTA-48993446,,True,brodo official store,"['54817', 'SE-1000008', 'SE-1000011']",[],Diskon 11rb,False,True,Rp315.750,Rp425.000,25,315750.0,Rp316.750,54817,Fashion Pria,5,4,5.0,False,0,False,Silver,https://www.static-src.com//siva/asset//07_2020/icon-top-rated-silver.png,8,8,https://www.static-src.com/fs/asset/10_2022/badge-web-76c78a2a0e5a.png,HISTERIA 11.11,CAMP-01172
19,BRO-35372-01192,BRO-35372-01192,BRO-35372,AVAILABLE,Brodo - Kaos SKJ 1992 Tees Navy,"['https://www.static-src.com/wcsstore/Indraprastha/images/catalog/medium//92/MTA-40610754/brodo_brodo_-_kaos_skj_1992_tees_navy_full01_rgiafi40.jpg', 'https://www.static-src.com/wcsstore/Indraprastha/images/catalog/medium//92/MTA-40610754/brodo_brodo_-_kaos_skj_1992_tees_navy_full02_l4n8u0cg.jpg', 'https://www.static-src.com/wcsstore/Indraprastha/images/catalog/medium//92/MTA-40610754/brodo_brodo_-_kaos_skj_1992_tees_navy_full03_rza6zn55.jpg', 'https://www.static-src.com/wcsstore/Indraprastha/images/catalog/medium//92/MTA-40610754/brodo_brodo_-_kaos_skj_1992_tees_navy_full04_jl34c4mg.jpg', 'https://www.static-src.com/wcsstore/Indraprastha/images/catalog/medium//92/MTA-40610754/brodo_brodo_-_kaos_skj_1992_tees_navy_full05_hu938bqt.jpg']",Brodo,4,BRO-35372-01192-00001,BRO-35372-01192-00001,"['REGULAR', 'MERCHANT_VOUCHER']",ps--BRO-35372-01192,/p/brodo-kaos-skj-1992-tees-navy/ps--BRO-35372-01192?ds=BRO-35372-01192-00001&source=MERCHANT_PAGE&sid=7627c0750fdec5a9&metaData=8e/NO8ASbV8i4TxNtjyFsgCymuhsBfSR9yBirtTc//DjaV67g/i8sH24UcrR5hYE&cnc=false&pickupPointCode=PP-3033620&pid=BRO-35372-01192,[{'count': 0}],,0,"['BA-1000008', 'T--1000001', '54817']",3,[],Kota Bandung,0,"['L', 'M', 'S', 'XXL']",MTA-40610754,,True,brodo official store,"['54817', 'BA-1000008', 'T--1000001']",[],Diskon maks. 11rb,False,True,Rp87.300 - Rp88.300,,0,87300.0,,54817,Fashion Pria,5,2,5.0,False,0,False,Silver,https://www.static-src.com//siva/asset//07_2020/icon-top-rated-silver.png,8,8,,,
20,BRO-35372-01394,BRO-35372-01394,BRO-35372,AVAILABLE,BRODO - Sneakers Active Dasher Navy Ws,"['https://www.static-src.com/wcsstore/Indraprastha/images/catalog/medium//102/MTA-50288582/brodo_brodo_-_sneakers_active_dasher_navy_ws_full03_o8l87rq7.jpg', 'https://www.static-src.com/wcsstore/Indraprastha/images/catalog/medium//102/MTA-50288582/brodo_brodo_-_sneakers_active_dasher_navy_ws_full01_kymuhe4.jpg', 'https://www.static-src.com/wcsstore/Indraprastha/images/catalog/medium//102/MTA-50288582/brodo_brodo_-_sneakers_active_dasher_navy_ws_full02_qfgb3l9i.jpg', 'https://www.static-src.com/wcsstore/Indraprastha/images/catalog/medium//102/MTA-50288582/brodo_brodo_-_sneakers_active_dasher_navy_ws_full04_oi9uxdp2.jpg']",Brodo,3,BRO-35372-01394-00005,BRO-35372-01394-00005,"['REGULAR', 'EXCLUSIVE_CAMPAIGN', 'MERCHANT_VOUCHER']",ps--BRO-35372-01394,/p/brodo-sneakers-active-dasher-navy-ws/ps--BRO-35372-01394?ds=BRO-35372-01394-00005&source=MERCHANT_PAGE&sid=7627c0750fdec5a9&metaData=G84vKKFaRUdERl2ktfkZjydvn2Q6yIcOGC7vC7k3cPWvCqH8eQGLmGsm6V/eqGDb&cnc=false&pickupPointCode=PP-3033620&pid=BRO-35372-01394,[{'count': 0}],,1668445140000,"['SN-1000001', 'SE-1000008', '54817']",4,[],Kota Bandung,0,"['39', '43', '44']",MTA-50288582,"• Spesifikasi Produk 
<br>• Upper: Breathable soft knit 
<br>• Lining: Comfortable mesh 
<br>• Sockliner: Soft Eva 
<br>• Details: 3d print Roosterbeak on quarter 
<br>• Outsole: Injection light phylon 
<br>• Construction: Cementing 
<br>• Usage: Daily athleisure, lite running 
<br>• USP: Lightweight, breathable",True,brodo official store,"['54817', 'SE-1000008', 'SN-1000001']",[],Diskon 11rb,False,True,Rp328.415,Rp389.900,15,328415.0,Rp329.415,54817,Fashion Pria,5,3,5.0,False,0,False,Silver,https://www.static-src.com//siva/asset//07_2020/icon-top-rated-silver.png,8,8,https://www.static-src.com/fs/asset/10_2022/badge-web-76c78a2a0e5a.png,HISTERIA 11.11,CAMP-01172
21,BRO-35372-01091,BRO-35372-01091,BRO-35372,AVAILABLE,BRODO - Kaos Slip Pocket Tees Navy,"['https://www.static-src.com/wcsstore/Indraprastha/images/catalog/medium//107/MTA-35728838/brodo_brodo_-_kaos_slip_pocket_tees_navy_full01_e5dsm2n3.jpg', 'https://www.static-src.com/wcsstore/Indraprastha/images/catalog/medium//107/MTA-35728838/brodo_brodo_-_kaos_slip_pocket_tees_navy_full02_f3377efq.jpg', 'https://www.static-src.com/wcsstore/Indraprastha/images/catalog/medium//107/MTA-35728838/brodo_brodo_-_kaos_slip_pocket_tees_navy_full03_gpyf9yal.jpg', 'https://www.static-src.com/wcsstore/Indraprastha/images/catalog/medium//107/MTA-35728838/brodo_brodo_-_kaos_slip_pocket_tees_navy_full04_uyd2ysfo.jpg', 'https://www.static-src.com/wcsstore/Indraprastha/images/catalog/medium//107/MTA-35728838/brodo_brodo_-_kaos_slip_pocket_tees_navy_full05_flez8mou.jpg', 'https://www.static-src.com/wcsstore/Indraprastha/images/catalog/medium//107/MTA-35728838/brodo_brodo_-_kaos_slip_pocket_tees_navy_full06_cvn4qs91.jpg']",Brodo,1,BRO-35372-01091-00001,BRO-35372-01091-00001,"['REGULAR', 'EXCLUSIVE_CAMPAIGN', 'MERCHANT_VOUCHER']",ps--BRO-35372-01091,/p/brodo-kaos-slip-pocket-tees-navy/ps--BRO-35372-01091?ds=BRO-35372-01091-00001&source=MERCHANT_PAGE&sid=7627c0750fdec5a9&metaData=g9wK2XPNxvXr3aIMhNfCP6mITy8tqrWWbUZVOjkLRIXjaV67g/i8sH24UcrR5hYE&cnc=false&pickupPointCode=PP-3033620&pid=BRO-35372-01091,[{'count': 0}],,1668445140000,"['BA-1000008', 'T--1000001', '54817']",3,[],Kota Bandung,0,['S'],MTA-35728838,,True,brodo official store,"['54817', 'BA-1000008', 'T--1000001']",[],Diskon maks. 11rb,False,True,Rp65.000,Rp185.000,64,65000.0,Rp66.000,54817,Fashion Pria,4,4,4.7,False,0,False,Silver,https://www.static-src.com//siva/asset//07_2020/icon-top-rated-silver.png,7,7,https://www.static-src.com/fs/asset/10_2022/badge-web-76c78a2a0e5a.png,HISTERIA 11.11,CAMP-01172
22,BRO-35372-01077,BRO-35372-01077,BRO-35372,AVAILABLE,BRODO - Spholet Hanging Wallet Steel Grey,"['https://www.static-src.com/wcsstore/Indraprastha/images/catalog/medium//96/MTA-35327705/brodo_brodo_-_spholet_hanging_wallet_steel_grey_full01_orexsi8h.jpg', 'https://www.static-src.com/wcsstore/Indraprastha/images/catalog/medium//96/MTA-35327705/brodo_brodo_-_spholet_hanging_wallet_steel_grey_full02_slhxrpkg.jpg', 'https://www.static-src.com/wcsstore/Indraprastha/images/catalog/medium//96/MTA-35327705/brodo_brodo_-_spholet_hanging_wallet_steel_grey_full03_u153az2i.jpg']",Brodo,1,BRO-35372-01077-00001,BRO-35372-01077-00001,"['REGULAR', 'EXCLUSIVE_CAMPAIGN', 'MERCHANT_VOUCHER']",ps--BRO-35372-01077,/p/brodo-spholet-hanging-wallet-steel-grey/ps--BRO-35372-01077?ds=BRO-35372-01077-00001&source=MERCHANT_PAGE&sid=7627c0750fdec5a9&metaData=BGFzUV9JheIuIn59zCBUcKmITy8tqrWWbUZVOjkLRIXjaV67g/i8sH24UcrR5hYE&cnc=false&pickupPointCode=PP-3033620&pid=BRO-35372-01077,[{'count': 0}],,1668445140000,"['DO-1000003', '54817', 'AK-1000025']",3,[],Kota Bandung,0,[],MTA-35327705,,True,brodo official store,"['54817', 'AK-1000025', 'DO-1000003']",[],Diskon maks. 11rb,False,True,Rp22.000,Rp50.000,56,22000.0,Rp23.000,54817,Fashion Pria,3,3,3.6,False,0,False,Silver,https://www.static-src.com//siva/asset//07_2020/icon-top-rated-silver.png,7,7,https://www.static-src.com/fs/asset/10_2022/badge-web-76c78a2a0e5a.png,HISTERIA 11.11,CAMP-01172
23,BRO-35372-00923,BRO-35372-00923,BRO-35372,AVAILABLE,Brodo - Topi Logo Hat Navy,"['https://www.static-src.com/wcsstore/Indraprastha/images/catalog/medium//90/MTA-23140349/br-m036969-15749_brodo-topi-logo-hat-navy_full01.jpg', 'https://www.static-src.com/wcsstore/Indraprastha/images/catalog/medium//90/MTA-23140349/br-m036969-15749_brodo-topi-logo-hat-navy_full02.jpg', 'https://www.static-src.com/wcsstore/Indraprastha/images/catalog/medium//90/MTA-23140349/br-m036969-15749_brodo-topi-logo-hat-navy_full03.jpg', 'https://www.static-src.com/wcsstore/Indraprastha/images/catalog/medium//90/MTA-23140349/br-m036969-15749_brodo-topi-logo-hat-navy_full04.jpg']",Brodo,1,BRO-35372-00923-00001,BRO-35372-00923-00001,"['REGULAR', 'EXCLUSIVE_CAMPAIGN', 'MERCHANT_VOUCHER']",ps--BRO-35372-00923,/p/brodo-topi-logo-hat-navy/ps--BRO-35372-00923?ds=BRO-35372-00923-00001&source=MERCHANT_PAGE&sid=7627c0750fdec5a9&metaData=4/lMC3d1kdpMr59pbB68rKhUK4L/TpeuZIuMf/dbaQfjaV67g/i8sH24UcrR5hYE&cnc=false&pickupPointCode=PP-3033620&pid=BRO-35372-00923,[{'count': 0}],,1668445140000,"['TO-1000003', '54817', 'AK-1000025']",3,[],Kota Bandung,0,[],MTA-23140349,,True,brodo official store,"['54817', 'AK-1000025', 'TO-1000003']",[],Diskon maks. 11rb,False,True,Rp84.500,Rp180.000,53,84500.0,Rp85.500,54817,Fashion Pria,4,5,4.6,False,0,False,Silver,https://www.static-src.com//siva/asset//07_2020/icon-top-rated-silver.png,7,7,https://www.static-src.com/fs/asset/10_2022/badge-web-76c78a2a0e5a.png,HISTERIA 11.11,CAMP-01172
24,BRO-35372-01054,BRO-35372-01054,BRO-35372,AVAILABLE,BRODO - Tas Sacco Outdoor Backpack Olive,"['https://www.static-src.com/wcsstore/Indraprastha/images/catalog/medium//89/MTA-34610281/brodo_brodo_-_tas_sacco_outdoor_backpack_olive_full01_r9djmo56.jpg', 'https://www.static-src.com/wcsstore/Indraprastha/images/catalog/medium//89/MTA-34610281/brodo_brodo_-_tas_sacco_outdoor_backpack_olive_full02_hsw6o5pt.jpg', 'https://www.static-src.com/wcsstore/Indraprastha/images/catalog/medium//89/MTA-34610281/brodo_brodo_-_tas_sacco_outdoor_backpack_olive_full03_gadau8mp.jpg', 'https://www.static-src.com/wcsstore/Indraprastha/images/catalog/medium//89/MTA-34610281/brodo_brodo_-_tas_sacco_outdoor_backpack_olive_full04_c49w3us3.jpg', 'https://www.static-src.com/wcsstore/Indraprastha/images/catalog/medium//89/MTA-34610281/brodo_brodo_-_tas_sacco_outdoor_backpack_olive_full05_rgjyprha.jpg', 'https://www.static-src.com/wcsstore/Indraprastha/images/catalog/medium//89/MTA-34610281/brodo_brodo_-_tas_sacco_outdoor_backpack_olive_full06_gtx5iw4c.jpg', 'https://www.static-src.com/wcsstore/Indraprastha/images/catalog/medium//89/MTA-34610281/brodo_brodo_-_tas_sacco_outdoor_backpack_olive_full07_p71989f9.jpg', 'https://www.static-src.com/wcsstore/Indraprastha/images/catalog/medium//89/MTA-34610281/brodo_brodo_-_tas_sacco_outdoor_backpack_olive_full08_mat382nu.jpg']",Brodo,1,BRO-35372-01054-00001,BRO-35372-01054-00001,"['REGULAR', 'EXCLUSIVE_CAMPAIGN', 'MERCHANT_VOUCHER']",ps--BRO-35372-01054,/p/brodo-tas-sacco-outdoor-backpack-olive/ps--BRO-35372-01054?ds=BRO-35372-01054-00001&source=MERCHANT_PAGE&sid=7627c0750fdec5a9&metaData=pKI0rI3whWvGJoG+v4fOKZdPk+0tPcddkMYXceeA+RevCqH8eQGLmGsm6V/eqGDb&cnc=false&pickupPointCode=PP-3033620&pid=BRO-35372-01054,[{'count': 0}],,1668445140000,"['TA-1000013', 'TA-1000015', '54817']",3,[],Kota Bandung,0,[],MTA-34610281,,True,brodo official store,"['54817', 'TA-1000013', 'TA-1000015']",[],Diskon maks. 11rb,False,True,Rp252.000,Rp595.000,57,252000.0,Rp253.000,54817,Fashion Pria,5,5,5.0,False,0,False,Silver,https://www.static-src.com//siva/asset//07_2020/icon-top-rated-silver.png,6,6,https://www.static-src.com/fs/asset/10_2022/badge-web-76c78a2a0e5a.png,HISTERIA 11.11,CAMP-01172
25,BRO-35372-01238,BRO-35372-01238,BRO-35372,AVAILABLE,BRODO - Kemeja Broshirt Long Navy,"['https://www.static-src.com/wcsstore/Indraprastha/images/catalog/medium//96/MTA-42302795/brodo_brodo_-_kemeja_broshirt_long_navy_full01_tfhco9al.jpg', 'https://www.static-src.com/wcsstore/Indraprastha/images/catalog/medium//96/MTA-42302795/brodo_brodo_-_kemeja_broshirt_long_navy_full02_fw6w0rin.jpg', 'https://www.static-src.com/wcsstore/Indraprastha/images/catalog/medium//96/MTA-42302795/brodo_brodo_-_kemeja_broshirt_long_navy_full03_illuestg.jpg', 'https://www.static-src.com/wcsstore/Indraprastha/images/catalog/medium//96/MTA-42302795/brodo_brodo_-_kemeja_broshirt_long_navy_full04_s6us6wm8.jpg', 'https://www.static-src.com/wcsstore/Indraprastha/images/catalog/medium//96/MTA-42302795/brodo_brodo_-_kemeja_broshirt_long_navy_full05_oble4c2r.jpg']",Brodo,4,BRO-35372-01238-00004,BRO-35372-01238-00004,"['REGULAR', 'EXCLUSIVE_CAMPAIGN', 'MERCHANT_VOUCHER']",ps--BRO-35372-01238,/p/brodo-kemeja-broshirt-long-navy/ps--BRO-35372-01238?ds=BRO-35372-01238-00004&source=MERCHANT_PAGE&sid=7627c0750fdec5a9&metaData=qVZMDRBq44VPvuO76aizaEM6yoWjiy1TzLIOLnPEoc+vCqH8eQGLmGsm6V/eqGDb&cnc=false&pickupPointCode=PP-3033620&pid=BRO-35372-01238,[{'count': 0}],,1668445140000,"['BA-1000008', 'FO-1000002', '54817']",4,[],Kota Bandung,0,"['L', 'M', 'S', 'XL']",MTA-42302795,,True,brodo official store,"['54817', 'BA-1000008', 'FO-1000002']",[],Diskon maks. 11rb,False,True,Rp197.000,Rp400.000,50,197000.0,Rp198.000,54817,Fashion Pria,5,3,5.0,False,0,False,Silver,https://www.static-src.com//siva/asset//07_2020/icon-top-rated-silver.png,6,6,https://www.static-src.com/fs/asset/10_2022/badge-web-76c78a2a0e5a.png,HISTERIA 11.11,CAMP-01172
26,BRO-35372-01073,BRO-35372-01073,BRO-35372,AVAILABLE,BRODO - Kaos Pocket Tees Patch Navy,"['https://www.static-src.com/wcsstore/Indraprastha/images/catalog/medium//94/MTA-35210946/brodo_brodo_-_kaos_pocket_tees_patch_navy_full01_mdzldtdo.jpg', 'https://www.static-src.com/wcsstore/Indraprastha/images/catalog/medium//94/MTA-35210946/brodo_brodo_-_kaos_pocket_tees_patch_navy_full03_m3xulphp.jpg', 'https://www.static-src.com/wcsstore/Indraprastha/images/catalog/medium//94/MTA-35210946/brodo_brodo_-_kaos_pocket_tees_patch_navy_full02_nuw9jfi9.jpg', 'https://www.static-src.com/wcsstore/Indraprastha/images/catalog/medium//94/MTA-35210946/brodo_brodo_-_kaos_pocket_tees_patch_navy_full04_ekzxugp7.jpg', 'https://www.static-src.com/wcsstore/Indraprastha/images/catalog/medium//94/MTA-35210946/brodo_brodo_-_kaos_pocket_tees_patch_navy_full05_tkwq47lu.jpg', 'https://www.static-src.com/wcsstore/Indraprastha/images/catalog/medium//94/MTA-35210946/brodo_brodo_-_kaos_pocket_tees_patch_navy_full06_l9bzif28.jpg']",Brodo,1,BRO-35372-01073-00001,BRO-35372-01073-00001,"['REGULAR', 'MERCHANT_VOUCHER']",ps--BRO-35372-01073,/p/brodo-kaos-pocket-tees-patch-navy/ps--BRO-35372-01073?ds=BRO-35372-01073-00001&source=MERCHANT_PAGE&sid=7627c0750fdec5a9&metaData=OkEoBbY7qHyiRRdbxUvzz6mITy8tqrWWbUZVOjkLRIXjaV67g/i8sH24UcrR5hYE&cnc=false&pickupPointCode=PP-3033620&pid=BRO-35372-01073,[{'count': 0}],,0,"['BA-1000008', 'T--1000001', '54817']",3,[],Kota Bandung,0,['S'],MTA-35210946,,True,brodo official store,"['54817', 'BA-1000008', 'T--1000001']",[],Diskon maks. 11rb,False,True,Rp68.000,Rp185.000,63,68000.0,Rp68.000,54817,Fashion Pria,5,2,5.0,False,0,False,Silver,https://www.static-src.com//siva/asset//07_2020/icon-top-rated-silver.png,6,6,,,
27,BRO-35372-01372,BRO-35372-01372,BRO-35372,AVAILABLE,BRODO - Sneakers VTG V.2 Slip On Leather Black IS,"['https://www.static-src.com/wcsstore/Indraprastha/images/catalog/medium//114/MTA-48994197/br-m036969-15749_brodo-sneakers-vtg-v-2-slip-on-leather-black-is_full01.jpg', 'https://www.static-src.com/wcsstore/Indraprastha/images/catalog/medium//114/MTA-48994197/br-m036969-15749_brodo-sneakers-vtg-v-2-slip-on-leather-black-is_full02.jpg', 'https://www.static-src.com/wcsstore/Indraprastha/images/catalog/medium//114/MTA-48994197/br-m036969-15749_brodo-sneakers-vtg-v-2-slip-on-leather-black-is_full03.jpg', 'https://www.static-src.com/wcsstore/Indraprastha/images/catalog/medium//114/MTA-48994197/br-m036969-15749_brodo-sneakers-vtg-v-2-slip-on-leather-black-is_full04.jpg']",Brodo,7,BRO-35372-01372-00008,BRO-35372-01372-00008,"['REGULAR', 'EXCLUSIVE_CAMPAIGN', 'MERCHANT_VOUCHER']",ps--BRO-35372-01372,/p/brodo-sneakers-vtg-v-2-slip-on-leather-black-is/ps--BRO-35372-01372?ds=BRO-35372-01372-00008&source=MERCHANT_PAGE&sid=7627c0750fdec5a9&metaData=10toiG4wapCc7HPgNjIyezko4bkJ594qOmQPrvtLHTSvCqH8eQGLmGsm6V/eqGDb&cnc=false&pickupPointCode=PP-3033620&pid=BRO-35372-01372,"[{'optionListingType': 'COLOR_PALETE', 'values': ['MULTICOLOR'], 'count': 1}]",,1668445140000,"['SL-1000001', 'SE-1000008', '54817']",3,[],Kota Bandung,0,"['37', '38', '39', '40', '41', '42', '43']",MTA-48994197,,True,brodo official store,"['54817', 'SE-1000008', 'SL-1000001']",[],Diskon 11rb,False,True,Rp413.800,Rp749.000,44,413800.0,Rp414.800,54817,Fashion Pria,5,2,5.0,False,0,False,Silver,https://www.static-src.com//siva/asset//07_2020/icon-top-rated-silver.png,6,6,https://www.static-src.com/fs/asset/10_2022/badge-web-76c78a2a0e5a.png,HISTERIA 11.11,CAMP-01172
28,BRO-35372-01062,BRO-35372-01062,BRO-35372,AVAILABLE,BRODO - Dompet Waga Wallet Black,"['https://www.static-src.com/wcsstore/Indraprastha/images/catalog/medium//82/MTA-35210322/brodo_brodo_-_dompet_waga_wallet_black_full01_kbgdl997.jpg', 'https://www.static-src.com/wcsstore/Indraprastha/images/catalog/medium//82/MTA-35210322/brodo_brodo_-_dompet_waga_wallet_black_full02_ci44taje.jpg', 'https://www.static-src.com/wcsstore/Indraprastha/images/catalog/medium//82/MTA-35210322/brodo_brodo_-_dompet_waga_wallet_black_full03_i8dpg3qk.jpg', 'https://www.static-src.com/wcsstore/Indraprastha/images/catalog/medium//82/MTA-35210322/brodo_brodo_-_dompet_waga_wallet_black_full04_pbkht7b9.jpg', 'https://www.static-src.com/wcsstore/Indraprastha/images/catalog/medium//82/MTA-35210322/brodo_brodo_-_dompet_waga_wallet_black_full05_p7qjcnxa.jpg', 'https://www.static-src.com/wcsstore/Indraprastha/images/catalog/medium//82/MTA-35210322/brodo_brodo_-_dompet_waga_wallet_black_full06_qxt8tsg2.jpg', 'https://www.static-src.com/wcsstore/Indraprastha/images/catalog/medium//82/MTA-35210322/brodo_brodo_-_dompet_waga_wallet_black_full07_dak6scun.jpg']",Brodo,1,BRO-35372-01062-00001,BRO-35372-01062-00001,"['REGULAR', 'EXCLUSIVE_CAMPAIGN', 'MERCHANT_VOUCHER']",ps--BRO-35372-01062,/p/brodo-dompet-waga-wallet-black/ps--BRO-35372-01062?ds=BRO-35372-01062-00001&source=MERCHANT_PAGE&sid=7627c0750fdec5a9&metaData=sZwZ850BToUHrZIHjkv5m0M6yoWjiy1TzLIOLnPEoc+vCqH8eQGLmGsm6V/eqGDb&cnc=false&pickupPointCode=PP-3033620&pid=BRO-35372-01062,[{'count': 0}],,1668445140000,"['DO-1000003', '54817', 'AK-1000025']",3,[],Kota Bandung,0,[],MTA-35210322,,True,brodo official store,"['54817', 'AK-1000025', 'DO-1000003']",[],Diskon maks. 11rb,False,True,Rp117.000,Rp240.000,51,117000.0,Rp118.000,54817,Fashion Pria,5,2,5.0,False,0,False,Silver,https://www.static-src.com//siva/asset//07_2020/icon-top-rated-silver.png,6,6,https://www.static-src.com/fs/asset/10_2022/badge-web-76c78a2a0e5a.png,HISTERIA 11.11,CAMP-01172
29,BRO-35372-01140,BRO-35372-01140,BRO-35372,AVAILABLE,BRODO - Beanie Bronie Patch Black,"['https://www.static-src.com/wcsstore/Indraprastha/images/catalog/medium//96/MTA-36773150/brodo_brodo_-_beanie_bronie_patch_black_full01_fcsqqnlu.jpg', 'https://www.static-src.com/wcsstore/Indraprastha/images/catalog/medium//96/MTA-36773150/brodo_brodo_-_beanie_bronie_patch_black_full02_if6hsw4n.jpg', 'https://www.static-src.com/wcsstore/Indraprastha/images/catalog/medium//96/MTA-36773150/brodo_brodo_-_beanie_bronie_patch_black_full03_lfjfings.jpg', 'https://www.static-src.com/wcsstore/Indraprastha/images/catalog/medium//96/MTA-36773150/brodo_brodo_-_beanie_bronie_patch_black_full04_mz8oq60k.jpg']",Brodo,1,BRO-35372-01140-00001,BRO-35372-01140-00001,"['REGULAR', 'EXCLUSIVE_CAMPAIGN', 'MERCHANT_VOUCHER']",ps--BRO-35372-01140,/p/brodo-beanie-bronie-patch-black/ps--BRO-35372-01140?ds=BRO-35372-01140-00001&source=MERCHANT_PAGE&sid=7627c0750fdec5a9&metaData=kWXYz0tXyuRabaimkaOW+6hUK4L/TpeuZIuMf/dbaQfjaV67g/i8sH24UcrR5hYE&cnc=false&pickupPointCode=PP-3033620&pid=BRO-35372-01140,[{'count': 0}],,1668445140000,"['TO-1000003', '54817', 'AK-1000025']",3,[],Kota Bandung,0,[],MTA-36773150,,True,brodo official store,"['54817', 'AK-1000025', 'TO-1000003']",[],Diskon maks. 11rb,False,True,Rp55.500,Rp140.000,60,55500.0,Rp56.500,54817,Fashion Pria,5,1,5.0,False,0,False,Silver,https://www.static-src.com//siva/asset//07_2020/icon-top-rated-silver.png,6,6,https://www.static-src.com/fs/asset/10_2022/badge-web-76c78a2a0e5a.png,HISTERIA 11.11,CAMP-01172
30,BRO-35372-01260,BRO-35372-01260,BRO-35372,AVAILABLE,BRODO - Kemeja Broshirt Long Olive,"['https://www.static-src.com/wcsstore/Indraprastha/images/catalog/medium//102/MTA-44214969/brodo_brodo_-_kemeja_broshirt_long_olive_full01_ebhftq0s.jpg', 'https://www.static-src.com/wcsstore/Indraprastha/images/catalog/medium//102/MTA-44214969/brodo_brodo_-_kemeja_broshirt_long_olive_full02_lduv50hm.jpg', 'https://www.static-src.com/wcsstore/Indraprastha/images/catalog/medium//102/MTA-44214969/brodo_brodo_-_kemeja_broshirt_long_olive_full03_ilws8uka.jpg', 'https://www.static-src.com/wcsstore/Indraprastha/images/catalog/medium//102/MTA-44214969/brodo_brodo_-_kemeja_broshirt_long_olive_full04_sfwlnyo1.jpg', 'https://www.static-src.com/wcsstore/Indraprastha/images/catalog/medium//102/MTA-44214969/brodo_brodo_-_kemeja_broshirt_long_olive_full05_do1ew1lm.jpg', 'https://www.static-src.com/wcsstore/Indraprastha/images/catalog/medium//102/MTA-44214969/brodo_brodo_-_kemeja_broshirt_long_olive_full06_qu6e3k1a.jpg']",Brodo,1,BRO-35372-01260-00002,BRO-35372-01260-00002,"['REGULAR', 'EXCLUSIVE_CAMPAIGN', 'MERCHANT_VOUCHER']",ps--BRO-35372-01260,/p/brodo-kemeja-broshirt-long-olive/ps--BRO-35372-01260?ds=BRO-35372-01260-00002&source=MERCHANT_PAGE&sid=7627c0750fdec5a9&metaData=BGFzUV9JheIuIn59zCBUcEM6yoWjiy1TzLIOLnPEoc+vCqH8eQGLmGsm6V/eqGDb&cnc=false&pickupPointCode=PP-3033620&pid=BRO-35372-01260,[{'count': 0}],,1668445140000,"['BA-1000008', 'BA-1000010', '54817']",3,[],Kota Bandung,0,['M'],MTA-44214969,,True,brodo official store,"['54817', 'BA-1000008', 'BA-1000010']",[],Diskon maks. 11rb,False,True,Rp227.000,Rp400.000,43,227000.0,Rp228.000,54817,Fashion Pria,5,3,5.0,False,0,False,Silver,https://www.static-src.com//siva/asset//07_2020/icon-top-rated-silver.png,6,6,https://www.static-src.com/fs/asset/10_2022/badge-web-76c78a2a0e5a.png,HISTERIA 11.11,CAMP-01172
31,BRO-35372-01254,BRO-35372-01254,BRO-35372,AVAILABLE,BRODO - Natuna Parfume,"['https://www.static-src.com/wcsstore/Indraprastha/images/catalog/medium//102/MTA-44063498/brodo_brodo_-_natuna_parfume_full01_evr1gwfd.jpg', 'https://www.static-src.com/wcsstore/Indraprastha/images/catalog/medium//102/MTA-44063498/brodo_brodo_-_natuna_parfume_full02_grb9egx5.jpg', 'https://www.static-src.com/wcsstore/Indraprastha/images/catalog/medium//102/MTA-44063498/brodo_brodo_-_natuna_parfume_full03_muh8bkwk.jpg', 'https://www.static-src.com/wcsstore/Indraprastha/images/catalog/medium//102/MTA-44063498/brodo_brodo_-_natuna_parfume_full04_oncx07k5.jpg', 'https://www.static-src.com/wcsstore/Indraprastha/images/catalog/medium//102/MTA-44063498/brodo_brodo_-_natuna_parfume_full05_gwzdo541.jpg', 'https://www.static-src.com/wcsstore/Indraprastha/images/catalog/medium//102/MTA-44063498/brodo_brodo_-_natuna_parfume_full06_rnctetf4.jpg']",Brodo,1,BRO-35372-01254-00001,BRO-35372-01254-00001,"['REGULAR', 'EXCLUSIVE_CAMPAIGN', 'MERCHANT_VOUCHER']",ps--BRO-35372-01254,/p/brodo-natuna-parfume/ps--BRO-35372-01254?ds=BRO-35372-01254-00001&source=MERCHANT_PAGE&sid=7627c0750fdec5a9&metaData=pCSo8hVASA4KG3+keJAoRIn2GDWlQUh9tSDCgMHu9guvCqH8eQGLmGsm6V/eqGDb&cnc=false&pickupPointCode=PP-3033620&pid=BRO-35372-01254,[{'count': 0}],,1668445140000,"['PE-1000104', 'PA-1000048', '53203', 'EA-1000003']",3,[],Kota Bandung,0,,MTA-44063498,,True,brodo official store,"['53203', 'PE-1000104', 'PA-1000048', 'EA-1000003']",[],Diskon maks. 11rb,False,True,Rp133.500,Rp195.000,31,133500.0,Rp134.500,53203,Kesehatan & Kecantikan,5,3,5.0,False,0,False,Silver,https://www.static-src.com//siva/asset//07_2020/icon-top-rated-silver.png,6,6,https://www.static-src.com/fs/asset/10_2022/badge-web-76c78a2a0e5a.png,HISTERIA 11.11,CAMP-01172
32,BRO-35372-01390,BRO-35372-01390,BRO-35372,AVAILABLE,BRODO - Sneakers Original Corte Grey IS,"['https://www.static-src.com/wcsstore/Indraprastha/images/catalog/medium//99/MTA-50284484/brodo_brodo_-_sneakers_original_corte_grey_is_full01_rnshkt91.jpg', 'https://www.static-src.com/wcsstore/Indraprastha/images/catalog/medium//99/MTA-50284484/brodo_brodo_-_sneakers_original_corte_grey_is_full02_q3ygik1f.jpg', 'https://www.static-src.com/wcsstore/Indraprastha/images/catalog/medium//99/MTA-50284484/brodo_brodo_-_sneakers_original_corte_grey_is_full03_umttfs6c.jpg']",Brodo,6,BRO-35372-01390-00003,BRO-35372-01390-00003,"['REGULAR', 'EXCLUSIVE_CAMPAIGN', 'MERCHANT_VOUCHER']",ps--BRO-35372-01390,/p/brodo-sneakers-original-corte-grey-is/ps--BRO-35372-01390?ds=BRO-35372-01390-00003&source=MERCHANT_PAGE&sid=7627c0750fdec5a9&metaData=gWwEdNa1C3ImWt1HonY5uJvbiumSKIc3jJUl8TglOwyvCqH8eQGLmGsm6V/eqGDb&cnc=false&pickupPointCode=PP-3033620&pid=BRO-35372-01390,[{'count': 0}],,1668445140000,"['SN-1000001', 'SE-1000008', '54817']",3,[],Kota Bandung,0,"['39', '40', '41', '42', '43', '44']",MTA-50284484,"• Spesifikasi Produk 
<br>•Upper : Genuine suede leather 
<br>•Lining : Soft comfortable visaterry 
<br>•Sockliner : Light eva 
<br>•Details : Brodo logo on lace aglets, Gold print emboss on tongue 
<br>•Outsole : Brodo Neo court 03 
<br>•Construction : cementing + arriance",True,brodo official store,"['54817', 'SE-1000008', 'SN-1000001']",[],Diskon 11rb,False,True,Rp365.900 - Rp366.900,,0,365900.0,,54817,Fashion Pria,5,2,5.0,False,0,False,Silver,https://www.static-src.com//siva/asset//07_2020/icon-top-rated-silver.png,5,5,https://www.static-src.com/fs/asset/10_2022/badge-web-76c78a2a0e5a.png,HISTERIA 11.11,CAMP-01172
33,BRO-35372-01151,BRO-35372-01151,BRO-35372,AVAILABLE,BRODO - Dompet Monet Wallet Black,"['https://www.static-src.com/wcsstore/Indraprastha/images/catalog/medium//106/MTA-37496490/brodo_brodo_-_dompet_monet_wallet_black_full01_ilh2iqht.jpg', 'https://www.static-src.com/wcsstore/Indraprastha/images/catalog/medium//106/MTA-37496490/brodo_brodo_-_dompet_monet_wallet_black_full02_ldbrgmjw.jpg', 'https://www.static-src.com/wcsstore/Indraprastha/images/catalog/medium//106/MTA-37496490/brodo_brodo_-_dompet_monet_wallet_black_full03_u1blqioa.jpg', 'https://www.static-src.com/wcsstore/Indraprastha/images/catalog/medium//106/MTA-37496490/brodo_brodo_-_dompet_monet_wallet_black_full04_fji33kn2.jpg', 'https://www.static-src.com/wcsstore/Indraprastha/images/catalog/medium//106/MTA-37496490/brodo_brodo_-_dompet_monet_wallet_black_full05_rfie871v.jpg']",Brodo,1,BRO-35372-01151-00001,BRO-35372-01151-00001,"['REGULAR', 'MERCHANT_VOUCHER']",ps--BRO-35372-01151,/p/brodo-dompet-monet-wallet-black/ps--BRO-35372-01151?ds=BRO-35372-01151-00001&source=MERCHANT_PAGE&sid=7627c0750fdec5a9&metaData=rrId/p+o3D2OcZtxui8zlqmITy8tqrWWbUZVOjkLRIXjaV67g/i8sH24UcrR5hYE&cnc=false&pickupPointCode=PP-3033620&pid=BRO-35372-01151,[{'count': 0}],,0,"['DO-1000003', '54817', 'AK-1000025']",3,[],Kota Bandung,0,[],MTA-37496490,,True,brodo official store,"['54817', 'AK-1000025', 'DO-1000003']",[],Diskon maks. 11rb,False,True,Rp94.000,Rp240.000,60,94000.0,Rp94.000,54817,Fashion Pria,5,3,5.0,False,0,False,Silver,https://www.static-src.com//siva/asset//07_2020/icon-top-rated-silver.png,5,5,,,
34,BRO-35372-01177,BRO-35372-01177,BRO-35372,AVAILABLE,BRODO - Kaos Bipo Tees Navy,"['https://www.static-src.com/wcsstore/Indraprastha/images/catalog/medium//101/MTA-39502089/brodo_brodo_-_kaos_bipo_tees_navy_full01_k2wbnd32.jpg', 'https://www.static-src.com/wcsstore/Indraprastha/images/catalog/medium//101/MTA-39502089/brodo_brodo_-_kaos_bipo_tees_navy_full02_e6ze6ydo.jpg', 'https://www.static-src.com/wcsstore/Indraprastha/images/catalog/medium//101/MTA-39502089/brodo_brodo_-_kaos_bipo_tees_navy_full03_s70ig9uo.jpg', 'https://www.static-src.com/wcsstore/Indraprastha/images/catalog/medium//101/MTA-39502089/brodo_brodo_-_kaos_bipo_tees_navy_full04_cl07timw.jpg', 'https://www.static-src.com/wcsstore/Indraprastha/images/catalog/medium//101/MTA-39502089/brodo_brodo_-_kaos_bipo_tees_navy_full05_19gyl0p.jpg', 'https://www.static-src.com/wcsstore/Indraprastha/images/catalog/medium//101/MTA-39502089/brodo_brodo_-_kaos_bipo_tees_navy_full06_twzzgvw9.jpg']",Brodo,1,BRO-35372-01177-00001,BRO-35372-01177-00001,"['REGULAR', 'EXCLUSIVE_CAMPAIGN', 'MERCHANT_VOUCHER']",ps--BRO-35372-01177,/p/brodo-kaos-bipo-tees-navy/ps--BRO-35372-01177?ds=BRO-35372-01177-00001&source=MERCHANT_PAGE&sid=7627c0750fdec5a9&metaData=R2QGO8lRiqME4qkcZGpL5t+8OwUfhHe7jYo95+hwlprjaV67g/i8sH24UcrR5hYE&cnc=false&pickupPointCode=PP-3033620&pid=BRO-35372-01177,[{'count': 0}],,1668445140000,"['BA-1000008', 'T--1000001', '54817']",3,[],Kota Bandung,0,['S'],MTA-39502089,,True,brodo official store,"['54817', 'BA-1000008', 'T--1000001']",[],Diskon maks. 11rb,False,True,Rp71.375,Rp185.000,61,71375.0,Rp72.375,54817,Fashion Pria,5,2,5.0,False,0,False,Silver,https://www.static-src.com//siva/asset//07_2020/icon-top-rated-silver.png,5,5,https://www.static-src.com/fs/asset/10_2022/badge-web-76c78a2a0e5a.png,HISTERIA 11.11,CAMP-01172
35,BRO-35372-01017,BRO-35372-01017,BRO-35372,AVAILABLE,BRODO - Kaos Plain Tees Patch Black,"['https://www.static-src.com/wcsstore/Indraprastha/images/catalog/medium//92/MTA-32214647/brodo_brodo_-_kaos_plain_tees_patch_black_full01_rfe386mf.jpg', 'https://www.static-src.com/wcsstore/Indraprastha/images/catalog/medium//92/MTA-32214647/brodo_brodo_-_kaos_plain_tees_patch_black_full02_m8j8pb0d.jpg', 'https://www.static-src.com/wcsstore/Indraprastha/images/catalog/medium//92/MTA-32214647/brodo_brodo_-_kaos_plain_tees_patch_black_full03_ppwt0fee.jpg', 'https://www.static-src.com/wcsstore/Indraprastha/images/catalog/medium//92/MTA-32214647/brodo_brodo_-_kaos_plain_tees_patch_black_full04_qkie2zu1.jpg', 'https://www.static-src.com/wcsstore/Indraprastha/images/catalog/medium//92/MTA-32214647/brodo_brodo_-_kaos_plain_tees_patch_black_full05_hnsptql9.jpg', 'https://www.static-src.com/wcsstore/Indraprastha/images/catalog/medium//92/MTA-32214647/brodo_brodo_-_kaos_plain_tees_patch_black_full06_egzaq3io.jpg']",Brodo,1,BRO-35372-01017-00002,BRO-35372-01017-00002,"['REGULAR', 'EXCLUSIVE_CAMPAIGN', 'MERCHANT_VOUCHER']",ps--BRO-35372-01017,/p/brodo-kaos-plain-tees-patch-black/ps--BRO-35372-01017?ds=BRO-35372-01017-00002&source=MERCHANT_PAGE&sid=7627c0750fdec5a9&metaData=g9wK2XPNxvXr3aIMhNfCP6mITy8tqrWWbUZVOjkLRIXjaV67g/i8sH24UcrR5hYE&cnc=false&pickupPointCode=PP-3033620&pid=BRO-35372-01017,[{'count': 0}],,1668445140000,"['BA-1000008', 'T--1000001', '54817']",3,[],Kota Bandung,0,['M'],MTA-32214647,,True,brodo official store,"['54817', 'BA-1000008', 'T--1000001']",[],Diskon maks. 11rb,False,True,Rp65.000,Rp185.000,64,65000.0,Rp66.000,54817,Fashion Pria,5,1,5.0,False,0,False,Silver,https://www.static-src.com//siva/asset//07_2020/icon-top-rated-silver.png,5,5,https://www.static-src.com/fs/asset/10_2022/badge-web-76c78a2a0e5a.png,HISTERIA 11.11,CAMP-01172
36,BRO-35372-01368,BRO-35372-01368,BRO-35372,AVAILABLE,BRODO - Sepatu Munson Boots Dark Choco,"['https://www.static-src.com/wcsstore/Indraprastha/images/catalog/medium//112/MTA-48993646/br-m036969-15749_brodo-sepatu-munson-boots-dark-choco_full01.jpg', 'https://www.static-src.com/wcsstore/Indraprastha/images/catalog/medium//112/MTA-48993646/br-m036969-15749_brodo-sepatu-munson-boots-dark-choco_full02.jpg', 'https://www.static-src.com/wcsstore/Indraprastha/images/catalog/medium//112/MTA-48993646/br-m036969-15749_brodo-sepatu-munson-boots-dark-choco_full03.jpg', 'https://www.static-src.com/wcsstore/Indraprastha/images/catalog/medium//112/MTA-48993646/br-m036969-15749_brodo-sepatu-munson-boots-dark-choco_full04.jpg']",Brodo,2,BRO-35372-01368-00002,BRO-35372-01368-00002,"['ZERO_PERCENT_INSTALLMENT', 'REGULAR', 'MERCHANT_VOUCHER']",ps--BRO-35372-01368,/p/brodo-sepatu-munson-boots-dark-choco/ps--BRO-35372-01368?ds=BRO-35372-01368-00002&source=MERCHANT_PAGE&sid=7627c0750fdec5a9&metaData=GiVFQfekrMeY8i06fctkVP3JJpp7Vw5PHglN989yq+6vCqH8eQGLmGsm6V/eqGDb&cnc=false&pickupPointCode=PP-3033620&pid=BRO-35372-01368,"[{'optionListingType': 'COLOR_PALETE', 'values': ['MULTICOLOR'], 'count': 1}]",,0,"['SE-1000008', '54817', 'SE-1000010']",3,[],Kota Bandung,0,"['39', '40']",MTA-48993646,,True,brodo official store,"['54817', 'SE-1000008', 'SE-1000010']",[],Diskon 11rb,False,True,Rp665.000,Rp950.000,30,665000.0,Rp665.000,54817,Fashion Pria,4,3,4.6,False,0,False,Silver,https://www.static-src.com//siva/asset//07_2020/icon-top-rated-silver.png,5,5,,,
37,BRO-35372-01305,BRO-35372-01305,BRO-35372,AVAILABLE,BRODO - Sneakers VTG Court Lo Natural Maroon WS,"['https://www.static-src.com/wcsstore/Indraprastha/images/catalog/medium//98/MTA-47535515/brodo_brodo_-_sneakers_vtg_court_lo_natural_maroon_ws_full01_b8l6ikl5.jpg', 'https://www.static-src.com/wcsstore/Indraprastha/images/catalog/medium//98/MTA-47535515/brodo_brodo_-_sneakers_vtg_court_lo_natural_maroon_ws_full02_lexel5xi.jpg', 'https://www.static-src.com/wcsstore/Indraprastha/images/catalog/medium//98/MTA-47535515/brodo_brodo_-_sneakers_vtg_court_lo_natural_maroon_ws_full03_s0pbc1yb.jpg', 'https://www.static-src.com/wcsstore/Indraprastha/images/catalog/medium//98/MTA-47535515/brodo_brodo_-_sneakers_vtg_court_lo_natural_maroon_ws_full04_cssd2p14.jpg']",Brodo,1,BRO-35372-01305-00010,BRO-35372-01305-00010,"['REGULAR', 'MERCHANT_VOUCHER']",ps--BRO-35372-01305,/p/brodo-sneakers-vtg-court-lo-natural-maroon-ws/ps--BRO-35372-01305?ds=BRO-35372-01305-00010&source=MERCHANT_PAGE&sid=7627c0750fdec5a9&metaData=L1+2hhv6RzIqvcqzcMudFnakp0Cr+HGrWhlsTonK746vCqH8eQGLmGsm6V/eqGDb&cnc=false&pickupPointCode=PP-3033620&pid=BRO-35372-01305,[{'count': 0}],,0,"['SN-1000001', 'SE-1000008', '54817']",3,[],Kota Bandung,0,['45'],MTA-47535515,,True,brodo official store,"['54817', 'SE-1000008', 'SN-1000001']",[],Diskon 11rb,False,True,Rp427.500,Rp495.000,13,427500.0,Rp427.500,54817,Fashion Pria,5,3,5.0,False,0,False,Silver,https://www.static-src.com//siva/asset//07_2020/icon-top-rated-silver.png,5,5,,,
38,BRO-35372-01396,BRO-35372-01396,BRO-35372,AVAILABLE,BRODO - Sneakers Active Kaze Racer Slip On Grey Navy Ws,"['https://www.static-src.com/wcsstore/Indraprastha/images/catalog/medium//103/MTA-50292687/brodo_brodo_-_sneakers_active_kaze_racer_slip_on_grey_navy_ws_full03_e9p5vgt4.jpg', 'https://www.static-src.com/wcsstore/Indraprastha/images/catalog/medium//103/MTA-50292687/brodo_brodo_-_sneakers_active_kaze_racer_slip_on_grey_navy_ws_full01_tjz1n6uz.jpg', 'https://www.static-src.com/wcsstore/Indraprastha/images/catalog/medium//103/MTA-50292687/brodo_brodo_-_sneakers_active_kaze_racer_slip_on_grey_navy_ws_full02_onx830ji.jpg', 'https://www.static-src.com/wcsstore/Indraprastha/images/catalog/medium//103/MTA-50292687/brodo_brodo_-_sneakers_active_kaze_racer_slip_on_grey_navy_ws_full04_rynyej0t.jpg']",Brodo,2,BRO-35372-01396-00004,BRO-35372-01396-00004,"['REGULAR', 'EXCLUSIVE_CAMPAIGN', 'MERCHANT_VOUCHER']",ps--BRO-35372-01396,/p/brodo-sneakers-active-kaze-racer-slip-on-grey-navy-ws/ps--BRO-35372-01396?ds=BRO-35372-01396-00004&source=MERCHANT_PAGE&sid=7627c0750fdec5a9&metaData=VObWgtQee0ByQ5zkIffXp/3JJpp7Vw5PHglN989yq+6vCqH8eQGLmGsm6V/eqGDb&cnc=false&pickupPointCode=PP-3033620&pid=BRO-35372-01396,[{'count': 0}],,1668445140000,"['SN-1000001', 'SE-1000008', '54817']",3,[],Kota Bandung,0,"['40', '42']",MTA-50292687,"• Spesifikasi Produk 
<br>•Upper : Sophisticated Engineered mesh and fitted Stretch mesh 
<br>•Sockliner : Comfortable EVA Cup sole 
<br>•Details : Clean TPU no-sew form medial-lateral side 
<br>•Outsole : Trainer full phylon 
<br>•Construction : Cementing",True,brodo official store,"['54817', 'SE-1000008', 'SN-1000001']",[],Diskon 11rb,False,True,Rp305.000,Rp385.000,20,305000.0,Rp306.000,54817,Fashion Pria,5,4,5.0,False,0,False,Silver,https://www.static-src.com//siva/asset//07_2020/icon-top-rated-silver.png,5,5,https://www.static-src.com/fs/asset/10_2022/badge-web-76c78a2a0e5a.png,HISTERIA 11.11,CAMP-01172
39,BRO-35372-01398,BRO-35372-01398,BRO-35372,AVAILABLE,BRODO - Sandals Bira Slider Full Black,"['https://www.static-src.com/wcsstore/Indraprastha/images/catalog/medium//95/MTA-50376800/brodo_brodo_-_sandals_bira_slider_full_black_full01_j7f06ria.jpg', 'https://www.static-src.com/wcsstore/Indraprastha/images/catalog/medium//95/MTA-50376800/brodo_brodo_-_sandals_bira_slider_full_black_full02_kcwvfg03.jpg', 'https://www.static-src.com/wcsstore/Indraprastha/images/catalog/medium//95/MTA-50376800/brodo_brodo_-_sandals_bira_slider_full_black_full03_fu3imphy.jpg', 'https://www.static-src.com/wcsstore/Indraprastha/images/catalog/medium//95/MTA-50376800/brodo_brodo_-_sandals_bira_slider_full_black_full04_n5l7il7o.jpg']",Brodo,5,BRO-35372-01398-00001,BRO-35372-01398-00001,"['REGULAR', 'MERCHANT_VOUCHER']",ps--BRO-35372-01398,/p/brodo-sandals-bira-slider-full-black/ps--BRO-35372-01398?ds=BRO-35372-01398-00001&source=MERCHANT_PAGE&sid=7627c0750fdec5a9&metaData=18cVW35/sSxaWWXoEB+IuZdPk+0tPcddkMYXceeA+RevCqH8eQGLmGsm6V/eqGDb&cnc=false&pickupPointCode=PP-3033620&pid=BRO-35372-01398,[{'count': 0}],,0,"['SE-1000008', '54817', 'SA-1000002']",3,[],Kota Bandung,0,"['39', '40', '41', '42', '43']",MTA-50376800,"• Spesifikasi Produk 
<br>•Upper : Faux Leather  
<br>•Details : Emboss On Footbed 
<br>•Outsole : TPR Cup sole 
<br>•Construction : Cementing 
<br>• Size Chart 
<br>•37 : 24,8cm 
<br>•38 : 25,3cm 
<br>•39 : 26cm 
<br>•40 : 26,7cm 
<br>•41 : 27,4cm 
<br>•42 : 28cm 
<br>•43 : 28,7cm 
<br>•44 : 29,4cm",True,brodo official store,"['54817', 'SE-1000008', 'SA-1000002']",[],Diskon maks. 11rb,False,True,Rp172.000 - Rp173.000,,0,172000.0,,54817,Fashion Pria,5,4,5.0,False,0,False,Silver,https://www.static-src.com//siva/asset//07_2020/icon-top-rated-silver.png,4,4,,,
